ix_name,prefix
Equinix Ashburn,2001:504:0:2::/64
Equinix Chicago,206.223.119.0/24
Equinix Chicago,2001:504:0:4::/64
Equinix Dallas,206.223.118.0/24
Equinix Dallas,2001:504:0:5::/64
Equinix Los Angeles,206.223.123.0/24
Equinix Los Angeles,2001:504:0:3::/64
Equinix San Jose,206.223.116.0/23
Equinix San Jose,2001:504:0:1::/64
Equinix Miami,2001:504:0:6::/64
Equinix Palo Alto,198.32.176.0/24
Equinix Palo Alto,198.32.175.0/24
Equinix Palo Alto,198.32.177.0/24
Equinix Miami,198.32.114.0/24
Equinix Atlanta,198.32.182.0/24
Equinix Toronto,198.32.181.0/24
Equinix Vienna (VA),198.32.190.0/24
Equinix Vienna (VA),198.32.191.0/24
Equinix Vienna (VA),198.32.192.0/24
Equinix Vienna (VA),2001:504:e::/64
Equinix Seattle,198.32.134.0/24
Equinix Seattle,198.32.133.0/24
Equinix New York,198.32.118.0/24
Equinix New York,198.32.119.0/24
Equinix New York,2001:504:f::/64
SIX Seattle,206.81.80.0/23
SIX Seattle,2001:504:16::/64
SIX Seattle (Jumbo),206.81.82.0/23
NYIIX,198.32.160.0/24
MAE East,198.32.187.0/24
MAE West,198.32.200.0/24
NOTA,198.32.124.0/23
NOTA,2001:478:124::/64
LINX LON1,195.66.224.0/22
LINX LON1,195.66.230.0/26
MAE Central,198.32.139.0/24
IX Australia WA,198.32.212.0/24
Digital Realty | Telx Atlanta,198.32.132.0/24
Digital Realty | Telx Atlanta,2001:478:132::/64
LAIIX,198.32.146.0/24
MXP,198.32.178.0/24
Equinix Zurich,194.42.48.0/25
JPIX,210.171.224.0/24
DE-CIX Frankfurt,80.81.192.0/22
SFIX,198.32.129.0/24
SFINX,194.68.129.0/24
SFINX,2001:7f8:4e:2::/64
SFINX,193.54.79.0/24
MIX-IT,217.29.66.0/23
PARIX,198.32.247.0/24
PARIX,193.251.216.0/24
PARIX,193.252.127.0/24
PARIX,2001:7f8:2d::/48
NYCX,198.32.229.0/24
HKIX,2001:7fa:0:1::/64
TWIX,210.62.255.0/24
Manila IX,202.0.91.0/24
INEX LAN1,185.6.36.0/23
INEX LAN1,2001:7f8:18::/48
VIX,193.203.0.0/23
VIX,2001:7f8:30::/64
LONAP,2001:7f8:17::/64
LONAP,195.35.120.0/24
BiX,193.188.137.0/24
FreeBIX,195.85.203.0/24
BNIX,194.53.172.0/25
SwissIX,91.206.52.0/23
SwissIX,2001:7f8:24::/64
NL-IX,193.239.116.0/22
NL-IX,2001:7f8:13::/64
NL-IX,194.246.39.224/27
FNIX6,2001:7f8:25:1::/64
NIX.CZ,2001:7f8:14::/64
GigaPix,193.136.250.0/24
INXS by ecix,194.59.190.0/24
DE-CIX Hamburg,80.81.203.0/24
DE-CIX Hamburg,2001:7f8:3d::/64
GN-IX,193.111.172.0/24
LIX,193.168.127.0/24
DIX,192.38.7.0/24
SD-NAP,198.17.46.0/24
PacificWave,207.231.241.0/24
NIX,193.156.90.0/24
BCIX,193.178.185.0/24
iAIX,210.184.127.0/24
MadIX,144.92.233.224/27
MadIX,2607:f388:0:2200::/64
ECIX-DUS,194.146.118.0/24
ECIX-DUS,2001:7f8:8::/64
DIX-IE,202.249.2.0/24
SOX,198.32.141.0/24
Equinix Sydney,45.127.172.0/22
WIX,195.85.195.0/24
FICIX Helsinki,193.110.224.0/24
PIPE Networks Sydney,218.100.2.0/24
PIPE Networks Brisbane,218.100.0.0/24
PIPE Networks Melbourne,218.100.13.0/24
PIPE Networks Canberra,218.100.19.0/24
PIPE Networks Hobart,218.100.12.0/24
TOP-IX,194.116.96.0/24
TOP-IX,2001:7f8:23:ffff::/64
TOP-IX,194.116.100.0/24
NDB,200.136.34.0/24
NaMeX,193.201.28.0/25
NaMeX,193.201.29.0/25
KleyReX,193.189.82.0/23
KleyReX,2001:7f8:33::/48
BBIX Tokyo,218.100.6.0/24
SOLIX,193.110.13.0/24
SOLIX,2001:7f8:21:9::/64
SOLIX,193.110.12.0/24
SOLIX,2001:7f8:21:12::/64
SOLIX,2001:7f8:21:11::/64
SOLIX,2001:7f8:21:10::/64
CoreSite - Any2 California,2001:504:13::/64
GIX Gothenburg,194.165.32.0/24
BigApe,2001:458:26:2::/64
BigApe,198.32.238.0/24
BAYANTEL,202.78.121.0/24
SFMIX,206.197.187.0/24
MerieX,195.60.84.128/25
NWAX,198.32.195.0/24
OCIX Duesseldorf,194.54.92.0/25
STHIX (Stockholm IX),192.121.80.0/24
STHIX (Stockholm IX),2001:7f8:3e::/64
UA-IX,195.35.65.0/24
PIX Vancouver,206.223.127.0/25
PIX Vancouver,2001:504:19::/64
CoreSite - Any2 NorthEast,206.51.40.0/24
CoreSite - Any2 NorthEast,2001:504:13:1::/64
CoreSite - Any2 Miami,206.51.44.0/24
CoreSite - Any2 Miami,2001:504:13:5::/64
ENLIX,193.189.130.0/24
ECIX-BER,194.9.117.0/24
ECIX-BER,2001:7f8:8:5::/64
BW-IX Stuttgart / S-IX,193.138.31.0/24
CoreSite - Any2 Chicago,206.51.43.0/24
CoreSite - Any2 Chicago,2001:504:13:4::/64
MalmIX Malmo / IXOR,193.243.183.64/26
MalmIX Malmo / IXOR,2001:7f8:53::/48
DE-CIX Munich,80.81.202.0/24
DE-CIX Munich,2001:7f8:44::/64
KCIX Kansas City,206.51.7.0/25
KCIX Kansas City,2001:504:1b:1::/64
Equinix Paris,195.42.144.0/23
Digital Realty | Telx Phoenix,198.32.186.0/24
Digital Realty | Telx Phoenix,2001:478:186::/64
PLIX,195.182.218.0/23
PLIX,2001:7f8:42::/48
MEIX,196.223.7.0/24
ECIX-HAM,193.42.155.0/24
ECIX-HAM,2001:7f8:8:10::/64
NIX2,193.156.120.0/24
Digital Realty | Telx Dallas,206.126.114.0/24
Digital Realty | Telx Dallas,2001:504:17:114::/64
Digital Realty | Telx New York,206.126.115.0/24
Digital Realty | Telx New York,2001:504:17:115::/64
OM-NIX,91.212.235.0/24
BIX.BG,193.169.198.0/23
CoreSite - Any2 New York,206.51.45.0/24
CoreSite - Any2 New York,2001:504:13:6::/64
CoreSite - Any2 Boston,206.51.42.0/24
CoreSite - Any2 Boston,2001:504:13:7::/64
TOUIX,91.213.236.0/24
CoreSite - Any2 Northern California,206.51.41.0/24
CoreSite - Any2 Northern California,2001:504:13:3::/64
TRDIX,93.156.93.0/24
GR-IX,176.126.38.0/25
GR-IX,2001:7f8:6e::/64
MSK-IX Ekaterinburg,194.85.107.0/24
MSK-IX Ekaterinburg,2001:7f8:20:301::/64
France-IX Paris,2001:7f8:54::/64
SUPRnet,206.53.201.0/24
Equinix Toronto,2001:504:d:80::/64
AAIX,193.37.144.0/24
AAIX,2001:7f8:4a::/48
MSK-IX Samara,193.232.135.0/24
MSK-IX Samara,2001:7f8:20:601::/64
MSK-IX Rostov-on-Don,193.232.140.0/24
MSK-IX Rostov-on-Don,2001:7f8:20:501::/64
REUNIX,194.57.253.128/27
LIX-LV,62.63.142.0/24
INEX LAN2,194.88.240.0/25
INEX LAN2,2001:7f8:18:12::/64
MD-IX,193.17.78.0/24
MSK-IX Kazan,194.190.119.0/24
MSK-IX Kazan,2001:7f8:20:801::/64
LIPTAM,193.219.13.64/26
HKIX,202.40.160.0/23
TIX - Tanzania,2001:43f8::/64
TIX - Tanzania,196.223.5.0/24
NASA-AIX,198.9.201.0/24
NASA-AIX,198.9.202.0/24
NASA-AIX,198.32.136.0/24
NASA-AIX,198.32.153.0/24
NASA-AIX,2001:478:6663:100::/64
NASA-AIX,2001:478:6663:200::/64
Equinix Palo Alto,2001:504:d::/64
ESPANIX Lower LAN,2001:7f8:f::/64
SIX SI,2001:7f8:46::/64
SGIX,2001:de8:12:100::/64
GraX,193.105.214.0/24
MSK-IX Novosibirsk,193.232.87.0/24
MSK-IX Novosibirsk,2001:7f8:20:401::/64
SOX,2001:de8:d::/64
IX Leeds,91.217.231.0/24
CIX,193.192.15.64/26
CIX,2001:7f8:28::/48
BIX Jakarta,218.100.41.0/24
FIXO,91.198.176.0/24
FIXO,2001:7f8:41::/48
OpenIXP / NiCE,218.100.27.0/24
OpenIXP / NiCE,2001:7fa:f::/48
GU-IX,202.128.12.0/26
PIPE Networks Adelaide,210.100.3.0/24
Equinix Atlanta,2001:504:10::/64
Equinix Seattle,2001:504:12::/64
NWAX,2001:478:195::/64
ESPANIX Lower LAN,193.149.1.0/25
Equinix Hong Kong,119.27.63.0/24
MCIX - Matrix Networks,119.110.115.0/24
MCIX - Matrix Networks,119.110.116.0/23
MCIX - Matrix Networks,119.110.118.0/24
MCIX - Matrix Networks,2404:c000:4004::/64
Lviv-IX,91.192.104.0/24
CBIX,195.60.89.0/24
CBIX,2001:7f8:5e::/64
COPHIX,194.117.52.128/25
COPHIX,2001:7f8:5c::/64
Equinix Sydney,2001:de8:6::/64
Equinix Hong Kong,2001:de8:7::/64
Equinix Singapore,2001:de8:4::/64
Equinix Tokyo,203.190.230.0/24
Equinix Tokyo,2001:de8:5::/64
MyIX,218.100.44.0/24
MyIX,2001:de8:10::/112
IXPN Lagos,196.216.148.0/24
AZIX,206.223.120.0/24
AZIX,2001:504:18::/48
FICIX Helsinki,2001:7f8:7:b::/64
SUPRnet,2001:504:60::/64
NIX.CZ,91.210.16.0/22
GIX Gdansk,188.116.45.0/24
AMS-IX,2001:7f8:1::/64
BNIIX,2001:504:20:81::/64
GTIIX,2001:504:21::/64
GTIIX,206.123.0.0/24
CATNIX,193.242.98.0/24
PIRIX,193.28.6.0/24
IX Australia VIC,218.100.78.0/24
IX Australia VIC,2001:7fa:11:1::/64
COIX,206.197.131.0/24
TorIX,206.108.34.0/23
DE-CIX Frankfurt,2001:7f8::/64
Netnod Stockholm,194.68.123.0/24
Netnod Stockholm,195.245.240.0/24
Netnod Stockholm,194.68.128.0/24
Netnod Stockholm,195.69.119.0/24
Netnod Stockholm,2001:7f8:d:ff::/64
Netnod Stockholm,2001:7f8:d:fc::/64
Netnod Stockholm,2001:7f8:d:fe::/64
Netnod Stockholm,2001:7f8:d:fb::/64
CePIX.pl,193.8.61.192/26
LINX LON1,2001:7f8:4::/64
LINX LON2,2001:7f8:4:1::/64
BCIX,2001:7f8:19::/48
JINX,196.223.14.0/24
JINX,2001:43f8:1f0::/64
JINX,196.223.15.0/24
JINX,2001:43f8:1f0:1::/64
CINX,196.223.22.0/24
CINX,2001:43f8:1f1::/64
CINX,196.223.23.0/24
CINX,2001:43f8:1f1:1::/64
MOZIX,192.168.10.0/24
Content-IX,193.105.116.0/24
MKE-IX,204.107.122.0/25
MKE-IX,2001:19e0:ffff::/64
SIX SI,91.220.194.0/24
MSK-IX Moscow,2001:7f8:20:101::/64
Rheintal IX,91.232.229.0/24
Rheintal IX,2001:7f8:66::/64
DRF IX,206.197.210.0/24
Thinx,212.91.0.0/22
Thinx,2001:7f8:60::/48
JXIX,206.123.7.0/24
JPIX,2001:de8:8::/64
JPIX OSAKA,103.246.232.0/24
Boston Internet Exchange,206.108.236.0/24
APE,192.203.154.0/24
APE,2001:7fa:4:c0cb::/64
WIX-NZ,202.7.0.0/23
WIX-NZ,2001:7fa:3:ca07::/64
CHIX-NZ,218.100.24.0/24
PNIX,218.100.21.0/24
ESPANIX Upper LAN,193.149.1.128/25
ESPANIX Upper LAN,2001:7f8:f:1::/64
HIX Haiti,200.0.18.0/24
LINX LON2,195.66.236.0/22
TPIX,2001:7f8:27::/48
TPIX,195.149.232.0/23
Equinix Paris,2001:7f8:43::/64
CoreSite - Any2 Denver ,2605:6c00:303:303::/64
FR-IX,91.216.67.0/24
FR-IX,2001:7f8:59:0:75::/96
BBIX Tokyo,2001:de8:c::/64
NYIIX,206.51.30.0/24
NYIIX,2001:504:1::/64
NYIIX,2001:504:1:9::/64
iAIX,2403:2400:1100::/64
MIX-IT,2001:7f8:b:100::/64
MIX-IT,217.29.68.0/23
MIX-IT,2001:7f8:b:101::/64
SOX d.o.o. Serbia,193.105.163.0/24
TP-IX,206.223.125.0/25
TP-IX,206.223.125.128/25
TP-IX,2001:504:29::/64
Equinix Ashburn,206.126.236.0/22
RDC-IX Kinshasa,196.223.28.0/24
RDC-IX Kinshasa,2001:43f8:3c0::/48
CIXP,192.65.185.0/24
UAE-IX,185.1.8.0/24
UAE-IX,2001:7f8:73::/64
BiX,2001:7f8:35::/64
GCIIX,206.123.30.0/24
GCIIX,2001:504:22:30::/64
GigaPix,2001:7f8:a:1::/64
INXS by ecix,2001:7f8:2c:1000::/64
LONAP,5.57.80.0/22
CoreSite - Any2 Denver ,206.51.46.0/24
MD-IX,2001:7f8:6a::/64
IXManchester,195.66.244.0/24
IXManchester,2001:7f8:4:2::/64
CIXP,2001:7f8:1c:24a::/64
AMS-IX Hong Kong,103.247.139.0/25
AMS-IX Hong Kong,2001:df0:296::/64
CATNIX,2001:7f8:2a::/64
SGIX,103.16.102.0/23
IX Australia SA,218.100.54.0/25
IX Australia SA,2001:7fa:11:3::/64
ECIX-FRA,62.69.146.0/23
ECIX-FRA,2001:7f8:8:20::/64
CAIX,2001:4300:96::/64
CAIX,81.21.96.0/24
R_ix,91.194.218.0/24
AMS-IX Caribbean,200.0.20.0/24
AMS-IX Caribbean,2001:13c7:6004::/64
Lyonix,77.95.71.0/24
Lyonix,2001:7f8:47:47::/64
MICE,206.108.255.0/24
MICE,2001:504:27::/64
YAR-IX,91.203.127.0/24
YAR-IX,2001:7f8:77::/64
IX.br (PTT.br) Belo Horizonte,200.219.139.0/24
IX.br (PTT.br) Belo Horizonte,2001:12f8:0:3::/64
IX.br (PTT.br) Brasília,200.192.110.0/24
IX.br (PTT.br) Brasília,2001:12f8:0:13::/64
IX.br (PTT.br) Campina Grande,200.192.109.0/24
IX.br (PTT.br) Campina Grande,2001:12f8:0:12::/64
IX.br (PTT.br) São Paulo,187.16.216.0/21
IX.br (PTT.br) São Paulo,2001:12f8::/64
IX.br (PTT.br) Porto Alegre,200.219.143.0/24
IX.br (PTT.br) Porto Alegre,2001:12f8:0:6::/64
IX.br (PTT.br) Curitiba,200.219.140.0/24
IX.br (PTT.br) Curitiba,2001:12f8:0:4::/64
IX.br (PTT.br) Florianópolis,200.219.141.0/24
IX.br (PTT.br) Florianópolis,2001:12f8:0:5::/64
IX.br (PTT.br) Rio de Janeiro,200.219.138.0/24
IX.br (PTT.br) Rio de Janeiro,2001:12f8:0:2::/64
IX.br (PTT.br) Londrina,200.219.144.0/24
IX.br (PTT.br) Londrina,2001:12f8:0:7::/64
IX.br (PTT.br) Campinas,200.192.108.0/24
IX.br (PTT.br) Campinas,2001:12f8:0:11::/64
IX.br (PTT.br) Salvador,200.219.145.0/24
IX.br (PTT.br) Salvador,2001:12f8:0:8::/64
IX.br (PTT.br) Caxias do Sul,187.16.197.0/24
IX.br (PTT.br) Caxias do Sul,2001:12f8:0:20::/64
IX.br (PTT.br) Goiânia,200.192.111.0/24
IX.br (PTT.br) Goiânia,2001:12f8:0:14::/64
IX.br (PTT.br) São José dos Campos,187.16.192.0/24
IX.br (PTT.br) São José dos Campos,2001:12f8:0:15::/64
IX.br (PTT.br) Recife,200.219.147.0/24
IX.br (PTT.br) Recife,2001:12f8:0:10::/64
IX.br (PTT.br) Vitória,187.16.194.0/24
IX.br (PTT.br) Vitória,2001:12f8:0:17::/64
IX.br (PTT.br) Manaus,187.16.198.0/24
IX.br (PTT.br) Manaus,2001:12f8:0:21::/64
IX.br (PTT.br) Natal,187.16.196.0/24
IX.br (PTT.br) Natal,2001:12f8:0:19::/64
IX.br (PTT.br) São José do Rio Preto,187.16.199.0/24
IX.br (PTT.br) São José do Rio Preto,2001:12f8:0:22::/64
IX.br (PTT.br) Fortaleza,200.219.146.0/24
IX.br (PTT.br) Fortaleza,2001:12f8:0:9::/64
IX.br (PTT.br) Belém,187.16.195.0/24
IX.br (PTT.br) Belém,2001:12f8:0:18::/64
IX Australia NSW,218.100.52.0/24
IX Australia NSW,2001:7fa:11:4::/64
IX Australia WA,2001:7fa:11::/64
IX Australia QLD,218.100.76.0/24
IX Australia QLD,2001:7fa:11:2::/64
NetIX,193.218.0.0/24
NetIX,2001:67c:29f0::/64
DE-CIX Frankfurt,80.81.199.0/24
France-IX Paris,37.49.236.0/23
Peering.cz,91.213.211.0/24
IXScotland,195.66.246.0/24
OCIX,200.0.22.0/23
OCIX,2001:13c7:6002::/48
DO-IX,185.1.18.0/24
DO-IX,2001:67c:2b9c::/48
IXScotland,2001:7f8:4:3::/64
WPGIX,206.126.109.0/24
WPGIX,2001:504:2c::/116
SFMIX,2001:504:30::/48
OmahaIX,206.126.235.0/26
OmahaIX,2001:504:33::/64
MegaIX Sydney,103.26.68.0/23
MegaIX Sydney,2001:dea:0:10::/64
QIX,198.179.18.0/24
LINX NoVA,206.55.196.0/23
LINX NoVA,2001:504:31::/64
Sibir-IX,84.22.159.0/24
QIX,2620:1f:4000::/48
BNIIX,206.130.61.0/24
DE-CIX New York,206.130.10.0/24
DE-CIX New York,2001:504:36::/64
AMS-IX NY,206.126.240.0/24
AMS-IX NY,2001:504:34:1::/64
PIRIX,2001:7f8:82::/64
SLIX,204.228.158.0/24
SLIX,2607:fa18:1:f00::/64
CoreSite - Any2 California,206.72.210.0/23
TPAIX,206.108.114.0/24
TorIX,2001:504:1a::34:0/111
OCIX Duesseldorf,2001:7f8:3a:e201::/64
SH-IX,185.1.15.0/24
SH-IX,2001:7f8:7a::/64
OCIX Frankfurt,194.54.93.0/25
OCIX Frankfurt,2001:7f8:3a:e202::/64
B-IX,217.174.157.0/24
Phoenix IX,206.41.105.0/24
Phoenix IX,2001:504:3b::/64
DATAIX,178.18.230.0/24
DATAIX,178.18.232.0/24
DATAIX,178.18.233.0/24
DATAIX,2a03:5f80:4::/64
DATAIX,2a03:5f80:4:1::/64
DATAIX,2a03:5f80:4:2::/64
DATAIX,2a03:5f80:7::/64
YYCIX,206.126.225.0/24
YYCIX,2001:504:2f::/64
TOUIX,2001:7f8:68::/48
MegaIX Melbourne,103.26.71.0/24
MegaIX Melbourne,2001:dea:0:30::/64
MegaIX Brisbane,103.26.70.0/24
MegaIX Brisbane,2001:dea:0:20::/64
B-IX,185.1.30.0/24
B-IX,2001:7f8:8e::/48
InterLAN,86.104.125.0/24
AMS-IX Chicago,206.108.115.0/24
AMS-IX Chicago,2001:504:38:1::/64
FL-IX,206.41.108.0/24
FL-IX,2001:504:40:108::/64
TPIX-TW,203.163.222.0/24
TPIX-TW,2406:d400:1:133:203:163:222:0/112
AMS-IX,80.249.208.0/21
ChIX,206.41.110.0/24
MiamiIX,198.78.5.0/24
MiamiIX,2607:fe60:aaaa::/64
NDB,198.32.122.0/24
KIXP,196.223.21.0/24
KIXP,2001:43f8:60:1::/64
ACTIX,218.100.59.0/24
ACTIX,2001:de8:9::/64
UIXP,196.223.25.0/25
UIXP,2001:43f8:130::/64
Boston Internet Exchange,2001:504:24:1::/64
MBIX,206.72.208.0/24
MBIX,2001:504:26::/64
France-IX Marseille,37.49.232.0/24
BBIX Singapore,103.231.152.0/22
BBIX Singapore,2001:df5:b800:bb00::/64
AMS-IX BA,206.41.106.0/24
AMS-IX BA,2001:504:3d:1::/64
DjIX,196.223.38.0/24
DjIX,2001:43f8:9c0:1000::/64
IX Australia ACT,218.100.54.128/25
IX Australia ACT,2001:7fa:11:5::/64
AKL-IX,43.243.21.0/24
AKL-IX,2001:7fa:11:6::/64
MegaIX Auckland,43.243.22.0/23
MegaIX Auckland,2001:dea:0:40::/64
NAPAfrica IX Cape Town,196.10.140.0/24
NAPAfrica IX Cape Town,2001:43f8:6d1::/64
NAPAfrica IX Durban,196.10.141.0/24
NAPAfrica IX Durban,2001:43f8:6d2::/64
NAPAfrica IX Johannesburg,2001:43f8:6d0::/64
CyrusOne IX Dallas,198.32.130.0/24
CyrusOne IX Dallas,2001:478:130::/64
CyrusOne IX Houston,198.32.96.0/23
CyrusOne IX Houston,2001:478:96::/64
CyrusOne IX Phoenix,198.32.98.0/24
CyrusOne IX Phoenix,2001:478:98::/64
VIX.VU,103.25.228.0/24
VIX.VU,2001:dec:0:1::/64
DET-IX,209.124.52.0/23
DET-IX,2607:f790:100::/64
angonix,196.11.234.0/24
angonix,2001:43f8:9d0::/64
Tirol-IX,185.1.31.0/24
Tirol-IX,2001:7f8:8d::/64
ChIX,2001:504:41:110::/64
BNIX,2001:7f8:26::/64
BNIX,2001:7f8:26:8000::/64
SIX.SK,192.108.148.0/24
SIX.SK,2001:7f8:2f::/64
SIX.SK Košice,192.108.145.0/24
RINEX,2001:43f8:150::/48
RINEX,196.223.12.0/24
NAP.EC - UIO,200.1.6.0/24
NAP.EC - UIO,2001:13c7:6006::/48
MegaIX Singapore,103.41.12.0/22
MegaIX Singapore,2001:ded::/48
MegaIX Hong Kong,103.48.48.0/23
MegaIX Hong Kong,2001:def::/48
MidWest-IX - Indy,2001:504:45:f3e8::/64
MidWest-IX - Indy,206.53.139.0/24
CABASE-BUE,200.0.17.0/24
CABASE-BUE,2001:13c7:6001::/64
BREM-IX,185.1.35.0/24
BREM-IX,2001:7f8:92::/64
NIX.SK,194.30.187.0/24
NIX.SK,2001:7f8:91::/64
UA-IX,2001:7f8:5d::/116
CABASE-LPL,200.115.81.0/24
CABASE-POS,200.115.83.0/24
CABASE-NQN,200.0.19.0/24
CABASE-ROS,200.13.83.0/24
CABASE-BHB,200.14.37.0/24
CABASE-COR,200.14.75.0/24
CABASE-DLC,200.14.39.0/24
CABASE-MDQ,200.115.82.0/24
CABASE-MZA,200.14.38.0/24
CABASE-PMY,200.115.84.0/24
CABASE-SFE,200.14.74.0/24
NDB,2001:478:122::/64
MASS-IX,206.53.143.0/24
MASS-IX,2001:504:47::/64
Global-IX,109.239.136.0/23
Global-IX,2001:b28:3ff::/64
HKIX,123.255.88.0/21
JPNAP Tokyo,210.173.176.0/24
JPNAP Tokyo,2001:7fa:7:1::/64
JPNAP Tokyo 2,218.100.45.0/24
JPNAP Tokyo 2,2001:7fa:7:3::/64
France-IX Marseille,2001:7f8:54:5::/64
SAIX,2001:7f8:11::/64
SAIX,185.1.43.0/24
GE-CIX,80.94.94.0/23
GE-CIX,2a06:2340::/64
IIX-RI,103.54.2.0/23
JPNAP Osaka,210.173.178.0/25
JPNAP Osaka,2001:7fa:7:2::/64
EPIX.Katowice,195.191.170.0/23
EPIX.Katowice,2001:7f8:5b::/64
TREX,195.140.192.0/24
TREX,2001:7f8:1d:4::/64
BKNIX,203.159.68.0/23
BKNIX,2001:deb:0:68::/64
MARTINIX,194.254.208.128/27
npIX PTS,198.32.231.0/25
npIX PTS,2404:2c00:ffff:e::/64
npIX JWL,2404:2c00:ffff:f::/64
YEGIX,206.53.140.0/24
YEGIX,2001:504:46::/48
KIVIX,185.1.45.0/24
KIVIX,2001:7f8:2e::/48
Balcan-IX,80.97.248.0/23
Balcan-IX,2a02:d10:80::/64
NIXVAL-ix,213.162.194.0/24
NIXVAL-ix,2a02:23a0:1111:9999::/64
CHN-IX Beijing,106.48.34.0/23
POZIX,185.1.4.0/24
POZIX,2001:7f8:4b::/48
MegaIX Seattle,206.53.171.0/24
MegaIX Seattle,2606:a980:0:4::/64
MegaIX Los Angeles,206.53.172.0/24
MegaIX Los Angeles,2606:a980:0:5::/64
MegaIX Bay Area,206.53.169.0/24
MegaIX Bay Area,2606:a980:0:2::/64
MegaIX Chicago,206.53.168.0/24
MegaIX Chicago,2606:a980:0:1::/64
MegaIX Ashburn,206.53.170.0/24
MegaIX Ashburn,2606:a980:0:3::/64
MegaIX Dallas,206.53.174.0/24
MegaIX Dallas,2606:a980:0:7::/64
SYMC-IX Bangkok,103.14.9.0/24
SYMC-IX Bangkok,2400:6280:2::/64
RIX,195.130.211.0/26
RIX,2001:7f8:48::/64
NIX,2001:7f8:12:1::/64
IX-Denver,206.53.175.0/24
IX-Denver,2001:504:58::/64
NIX2,2001:7f8:12:2::/64
MGMix Montgomery,206.53.200.0/24
DE-CIX Dusseldorf,185.1.58.0/24
DE-CIX Dusseldorf,2001:7f8:9e::/64
CHN-IX Beijing,2405:3b00::/64
Equinix Singapore,27.111.228.0/22
CODIX,185.1.23.0/24
MSK-IX Moscow,195.208.208.0/21
MGMix Montgomery,2001:504:59::/64
SMILE-LV,195.246.227.0/24
SMILE-LV,2001:7f8:16::/64
KINX,192.145.251.0/24
KINX,2001:7fa:8::/64
AuvernIX,185.1.2.0/25
AuvernIX,2001:7f8:81::/56
SIX Seattle (Jumbo),2001:504:16:1::/64
W-IX,193.106.112.0/24
W-IX,2a00:1b30::/64
DE-CIX Dallas,206.53.202.0/24
DE-CIX Dallas,2001:504:61::/64
N-IX,195.85.217.0/24
N-IX,2001:7f8:29:1::/64
DINX,196.223.30.0/24
DINX,2001:43f8:1f2::/64
INEX Cork,185.1.69.0/24
INEX Cork,2001:7f8:18:210::/64
RED-IX,185.1.13.0/24
RED-IX,2001:7f8:78::/48
KRS-IX,217.117.187.0/24
BR-IX,185.1.25.0/24
BR-IX,2001:7f8:87::/64
DE-CIX Madrid,185.1.68.0/24
DE-CIX Madrid,2001:7f8:a0::/64
IX.br (PTT.br) Foz do Iguaçu,187.16.204.0/24
CHN-IX Guangzhou,106.48.36.0/23
CHN-IX Guangzhou,2405:3b01::/64
VANIX,206.41.104.0/24
VANIX,2001:504:39::/64
AuvernIX,185.1.2.128/25
AuvernIX,2001:7f8:81:100::/56
NIXI Delhi,218.100.48.0/26
MegaIX Toronto,206.53.203.0/24
MegaIX Toronto,2606:a980:0:8::/64
GigaNET,2001:7f8:6c::/64
GigaNET,185.1.62.0/23
IX Liverpool,185.1.71.0/25
IX Liverpool,2001:7f8:a2::/50
IX Liverpool,185.1.71.128/25
IX Liverpool,2001:7f8:a2:4000::/50
Netnod COMIX,195.69.117.0/24
Netnod COMIX,195.69.118.0/24
Netnod COMIX,2001:7f8:d:200::/64
Netnod COMIX,2001:7f8:d:201::/64
Hopus,37.77.32.0/20
Hopus,2a02:e5c::/32
BW-IX Stuttgart / S-IX,2001:7f8:56::/64
Extreme IX New Delhi,45.120.248.0/24
Doha-IX,198.32.72.0/24
Doha-IX,2001:1a10:cd:2::/64
TahoeIX,206.41.109.0/24
TahoeIX,2001:504:3f::/48
DF-IX,185.1.32.0/24
DF-IX,2001:7f8:8f::/48
United Peering - UP-IXP,185.1.54.0/24
United Peering - UP-IXP,2001:7f8:95::/48
MGIX,196.223.41.0/24
MGIX,2001:43f8:a10::/48
EURASIA:peering,185.1.67.0/24
JetPeer IX,115.42.32.0/24
China Internet Exchange,103.216.40.0/23
China Internet Exchange,2404:e780:f872:a::/64
DIX,2001:7f8:1f::/64
DE-CIX Frankfurt,2001:7f8:e1::/64
Beirut IX,185.91.96.0/22
Mumbai Internet Exchange,103.27.170.0/24
Mumbai Internet Exchange,2401:7500:fff6::/64
EPIX.Warszawa-KIX,91.212.9.0/24
EPIX.Warszawa-KIX,2001:7f8:69::/64
CHN-IX Shanghai,106.48.38.0/23
CHN-IX Shanghai,2405:3b02::/64
DataLine-IX,2001:7f8:62:52::/64
DataLine-IX,185.1.52.0/24
FICIX Espoo,193.110.226.0/24
FICIX Espoo,2001:7f8:7:a::/64
FICIX Espoo,2001:7f8:7::/64
FICIX Helsinki,2001:7f8:7:1::/64
FICIX Oulu,193.110.225.0/24
FICIX Oulu,2001:7f8:7:c::/64
FICIX Oulu,2001:7f8:7:2::/64
Phoenix IX,2001:504:3b:1::/64
Community-IX,185.1.74.0/26
Community-IX,2001:7f8:a5::/64
Equinix Melbourne,183.177.61.0/24
Equinix Melbourne,2001:de8:6:1::/64
Equinix Osaka,203.190.227.0/24
Equinix Osaka,2001:de8:5:1::/64
Equinix Zurich,2001:7f8:c:8235:194:42:48:0/112
DE-CIX Marseille,185.1.47.0/24
DE-CIX Marseille,2001:7f8:36::/64
BW-IX Karlsruhe,185.1.61.0/24
BW-IX Karlsruhe,2001:7f8:9d::/64
BENIN-IX,196.223.40.0/24
GIXA,196.201.2.0/24
GIXA,196.49.14.0/24
GIXA,2001:43f8:ae0::/48
GIXA,2001:43f8:ae1::/48
DATAIX,178.18.226.0/23
DATAIX,178.18.228.0/23
DATAIX,178.18.231.0/24
DATAIX,178.18.235.0/24
DATAIX,178.18.224.0/22
MSK-IX Saint-Petersburg,194.226.100.0/23
MSK-IX Saint-Petersburg,194.226.102.0/23
MSK-IX Saint-Petersburg,2001:7f8:20:201::/64
MSK-IX Saint-Petersburg,2001:7f8:20:202::/64
MSK-IX Stavropol,194.85.177.0/24
MSK-IX Stavropol,2001:7f8:20:901::/64
MSK-IX Vladivostok,193.232.136.0/24
MSK-IX Vladivostok,2001:7f8:20:701::/64
Netnod Gothenburg,194.68.130.0/24
Netnod Gothenburg,2001:7f8:d:100::/64
Netnod Gothenburg,195.69.116.0/24
Netnod Gothenburg,2001:7f8:d:101::/64
Netnod Lulea,194.68.131.64/26
Netnod Lulea,2001:7f8:d:400::/64
Netnod Lulea,194.68.131.128/26
Netnod Lulea,2001:7f8:d:401::/64
Netnod Sundsvall,194.68.133.0/24
Netnod Sundsvall,2001:7f8:d:300::/64
Netnod Sundsvall,194.68.135.0/24
Netnod Sundsvall,2001:7f8:d:301::/64
MegaIX Perth,202.12.243.0/24
MegaIX Perth,2001:dea:0:50::/64
BBIX Hong Kong,103.203.158.0/23
BBIX Hong Kong,2403:c780:b800:bb00::/64
UNIFI-IX,185.167.180.0/22
UNIFI-IX,2a0b:9600::/29
NAP-CO,206.223.124.128/25
NAP-CO,2001:13c7:6000::/64
Asia Smart IX [BBIX Asia],103.203.156.0/23
Asia Smart IX [BBIX Asia],2403:c780:a800:bb00::/64
TransIX Network,2404:9580:63:516::/64
TransIX Network,103.42.120.0/22
TransIX Network,58.147.184.0/21
TransIX Network,2404:9580:24:534::/64
CABASE-BRC,2001:13c7:6015::/48
CABASE-BRC,200.115.85.0/24
CABASE-BHB,2001:13c7:6009::/64
CABASE-COR,2001:13c7:600e::/64
CABASE-DLC,2001:13c7:600c::/64
CABASE-JUN,200.115.80.0/24
CABASE-JUN,2001:13c7:6010::/64
CABASE-LPL,2001:13c7:6011::/64
CABASE-MDQ,2001:13c7:6012::/64
CABASE-MZA,2001:13c7:600b::/64
CABASE-NGB,138.204.247.0/24
CABASE-NGB,2001:13c7:6019::/64
CABASE-NQN,2001:13c7:6007::/64
CABASE-PER,138.204.245.0/24
CABASE-PER,2001:13c7:6017::/64
CABASE-PMY,2001:13c7:6014::/64
CABASE-POS,2001:13c7:6013::/64
CABASE-ROS,2001:13c7:6008::/64
CABASE-SFE,2001:13c7:600d::/64
CABASE-SZP,138.204.248.0/24
CABASE-SZP,2001:13c7:6020::/64
CABASE-TUC,138.204.246.0/24
CABASE-TUC,2001:13c7:6018::/64
CABASE-SLU,138.204.244.0/24
CABASE-SLU,2001:13c7:6016::/64
CABASE-SLA,138.204.249.0/24
CABASE-SLA,2001:13c7:6021::/64
Aloha-IX,2001:504:65::/64
Aloha-IX,2001:504:65:1::/64
CRIX,200.107.83.0/24
CRIX,2801:1d:a000:1::/64
CRIX,2801:1d:a001:1::/64
CRIX,2801:1d:a001:2::/64
DE-CIX Palermo,185.1.46.0/24
DE-CIX Palermo,2001:7f8:32::/64
DE-CIX Istanbul,185.1.48.0/24
DE-CIX Istanbul,2001:7f8:3f::/64
LU-CIX,188.93.170.0/23
LU-CIX,2001:7f8:4c::/64
RoNIX,217.156.113.0/24
RoNIX,2001:7f8:49::/64
VSIX,95.140.128.0/23
VSIX,2001:7f8:5f:ffff::/64
VSIX,95.140.129.0/24
VSIX,2001:7f8:5f:ffef::/64
IIX Israel,192.114.62.0/24
IIX Israel,2001:7f8:3b::/64
TunIXP,41.231.21.0/24
M-IX,193.34.200.128/25
Lillix,193.34.197.128/25
Lillix,2001:7f8:6d::/64
PIX Toronto,206.223.127.128/25
PIX Toronto,2001:504:19:1::/64
PIX Montreal,206.223.139.0/24
MegaIX New York,206.53.173.0/24
MegaIX New York,2606:a980:0:6::/64
DTEL-IX,193.25.180.0/23
DTEL-IX,2001:7f8:63::/64
DTEL-IX,193.25.181.0/24
NDIX,193.108.98.128/25
NDIX,2001:7f8:e::/64
BBIX Osaka,2001:de8:c:2::/64
BBIX Osaka,218.100.7.0/24
IX.br (PTT.br) Lajeado,187.16.202.0/24
Peering.cz,2001:7f8:7f::/64
MIXP,196.223.0.0/24
MIXP,2001:43f8:270:d0d0::/64
STHIX (Stockholm IX),185.1.82.0/24
STHIX (Stockholm IX),2001:7f8:ad::/48
IX.br (PTT.br) Lajeado,2001:12f8:0:25::/64
IX.br (PTT.br) Maringá,187.16.201.0/24
IX.br (PTT.br) Maringá,2001:12f8:0:24::/64
IX.br (PTT.br) São Carlos,187.16.200.0/24
IX.br (PTT.br) São Carlos,2001:12f8:0:23::/64
IX.br (PTT.br) Cuiabá,187.16.203.0/24
IX.br (PTT.br) Cuiabá,2001:12f8:0:26::/64
Vegas-IX,2001:504:68:1::/64
Vegas-IX,2001:504:68::/64
Richmond-IX,2001:504:67::/64
Richmond-IX,2001:504:67:1::/64
PIT Chile,200.23.206.0/24
IX.LODZ.PL - Łódzki Węzeł Telekomunikacyjny,193.151.113.0/24
IX.LODZ.PL - Łódzki Węzeł Telekomunikacyjny,91.192.123.0/24
Aloha-IX,206.53.207.0/25
Aloha-IX,206.53.207.128/25
IX.py,201.217.14.0/24
IX Liverpool,2001:7f8:a2:8000::/50
InterLAN,2001:7f8:64:225::/64
NAP.EC - GYE,200.110.120.0/24
NAP.EC - GYE,2001:13c7:6f80::/48
inet2,85.112.122.0/23
inet2,2a00:1b30:8888::/64
AIXP,196.223.6.0/25
AIXP,2001:43f8:0:100::/64
TIX Tanzania - Mwanza IXP,196.60.0.0/24
TIX Tanzania - Mwanza IXP,2001:43f8:0:200::/64
IIFON IX Kolkata,103.74.224.0/24
IIFON IX Kolkata,2001:ded:8000::/48
Equinix Helsinki,185.1.86.0/24
OuestIX,185.1.66.0/26
OuestIX,2001:7f8:34::/64
Equinix Helsinki,2001:7f8:af::/64
Richmond-IX,206.71.9.0/25
Vegas-IX,206.71.8.128/25
Richmond-IX,206.71.9.128/25
Vegas-IX,206.71.8.0/25
TESPOK-KIXP-MBA,196.60.2.0/24
TESPOK-KIXP-MBA,2001:43f8:c0::/128
MegaIX Las Vegas,206.53.205.0/24
MegaIX Las Vegas,2606:a980:0:9::/64
AMS-IX India,223.31.200.0/24
AMS-IX India,2001:e48:44:100b::/64
SCL-IX Chile,170.246.67.0/24
NAPAfrica IX Johannesburg,196.60.8.0/23
npIX JWL,98.32.231.128/25
IIX,103.28.74.0/23
